<?xml version="1.0" encoding="UTF-8"?>
<project-private xmlns="http://www.netbeans.org/ns/project-private/1">
    <editor-bookmarks xmlns="http://www.netbeans.org/ns/editor-bookmarks/2" lastBookmarkId="0"/>
    <open-files xmlns="http://www.netbeans.org/ns/projectui-open-files/2">
        <group>
            <file>file:/D:/SEM6/codefyp/scubadiving/web/home-staff.jsp</file>
            <file>file:/D:/SEM6/codefyp/scubadiving/web/logout.jsp</file>
            <file>file:/D:/SEM6/codefyp/scubadiving/web/home-manager.jsp</file>
        </group>
    </open-files>
</project-private>
